{
  "metadata": {
    "source": "TLFi (échantillon de démonstration)",
    "entries_count": 20,
    "format_version": "1.0"
  },
  "entries": {
    "LIGNIFIER": {
      "id": "tlfi_lignifier",
      "lemma": "LIGNIFIER",
      "pos": "verbe pronominal",
      "domains": [
        "BOT."
      ],
      "definitions": [
        "Se transformer en bois."
      ],
      "examples": [
        "Les rejets à peine nés fléchissent : tissu herbacé encore, fragile. Et lorsqu'ils se lignifient, mettent des feuilles..."
      ],
      "derivatives": [
        "LIGNIFIÉ",
        "LIGNIFICATION"
      ],
      "etymology_roots": [
        "lignum"
      ]
    },
    "BOIS": {
      "id": "tlfi_bois",
      "lemma": "BOIS",
      "pos": "substantif masculin",
      "domains": [
        "BOT.",
        "SYLVIC."
      ],
      "definitions": [
        "Substance dure et compacte des arbres.",
        "Étendue de terrain couverte d'arbres."
      ],
      "examples": [
        "Un meuble en bois de chêne.",
        "Se promener dans les bois."
      ],
      "derivatives": [
        "BOISÉ",
        "BOISEMENT",
        "BOISER"
      ],
      "etymology_roots": [
        "boscus"
      ]
    },
    "FORÊT": {
      "id": "tlfi_foret",
      "lemma": "FORÊT",
      "pos": "substantif féminin",
      "domains": [
        "GÉOGR.",
        "ÉCOL."
      ],
      "definitions": [
        "Vaste étendue de terrain couverte d'arbres.",
        "Ensemble d'arbres couvrant une grande superficie."
      ],
      "examples": [
        "La forêt amazonienne.",
        "Se perdre dans la forêt."
      ],
      "derivatives": [
        "FORESTIER",
        "FORESTERIE"
      ],
      "etymology_roots": [
        "forestis"
      ]
    },
    "ARBRE": {
      "id": "tlfi_arbre",
      "lemma": "ARBRE",
      "pos": "substantif masculin",
      "domains": [
        "BOT."
      ],
      "definitions": [
        "Végétal ligneux de grande taille dont la tige ne se ramifie qu'à partir d'une certaine hauteur."
      ],
      "examples": [
        "Un arbre centenaire.",
        "L'arbre généalogique de la famille."
      ],
      "derivatives": [
        "ARBRISSEAU",
        "ARBUSTE",
        "ARBORÉ"
      ],
      "etymology_roots": [
        "arbor"
      ]
    },
    "FEUILLE": {
      "id": "tlfi_feuille",
      "lemma": "FEUILLE",
      "pos": "substantif féminin",
      "domains": [
        "BOT."
      ],
      "definitions": [
        "Organe végétal, généralement vert et plat, qui naît sur la tige ou les rameaux."
      ],
      "examples": [
        "Les feuilles tombent en automne.",
        "Une feuille de papier."
      ],
      "derivatives": [
        "FEUILLAGE",
        "FEUILLU",
        "EFFEUILLER"
      ],
      "etymology_roots": [
        "folium"
      ]
    },
    "OMBRE": {
      "id": "tlfi_ombre",
      "lemma": "OMBRE",
      "pos": "substantif féminin",
      "domains": [
        "PHYS.",
        "FIG."
      ],
      "definitions": [
        "Zone sombre créée par un corps opaque qui intercepte la lumière.",
        "Obscurité relative."
      ],
      "examples": [
        "Se reposer à l'ombre d'un arbre.",
        "Vivre dans l'ombre."
      ],
      "derivatives": [
        "OMBRAGER",
        "OMBRAGÉ",
        "OMBREUX"
      ],
      "etymology_roots": [
        "umbra"
      ]
    },
    "LUMIÈRE": {
      "id": "tlfi_lumiere",
      "lemma": "LUMIÈRE",
      "pos": "substantif féminin",
      "domains": [
        "PHYS.",
        "FIG."
      ],
      "definitions": [
        "Rayonnement électromagnétique visible.",
        "Ce qui éclaire l'esprit."
      ],
      "examples": [
        "La lumière du soleil.",
        "Faire la lumière sur une affaire."
      ],
      "derivatives": [
        "LUMINEUX",
        "LUMINOSITÉ",
        "ILLUMINER"
      ],
      "etymology_roots": [
        "lumen"
      ]
    },
    "SOLEIL": {
      "id": "tlfi_soleil",
      "lemma": "SOLEIL",
      "pos": "substantif masculin",
      "domains": [
        "ASTRON."
      ],
      "definitions": [
        "Astre autour duquel gravite la Terre.",
        "Lumière et chaleur émises par cet astre."
      ],
      "examples": [
        "Le soleil se lève à l'est.",
        "Prendre un bain de soleil."
      ],
      "derivatives": [
        "SOLAIRE",
        "ENSOLEILLÉ",
        "ENSOLEILLEMENT"
      ],
      "etymology_roots": [
        "sol"
      ]
    },
    "CHALEUR": {
      "id": "tlfi_chaleur",
      "lemma": "CHALEUR",
      "pos": "substantif féminin",
      "domains": [
        "PHYS.",
        "FIG."
      ],
      "definitions": [
        "Qualité de ce qui est chaud.",
        "Température élevée."
      ],
      "examples": [
        "La chaleur de l'été.",
        "Parler avec chaleur."
      ],
      "derivatives": [
        "CHALEUREUX",
        "CHAUFFER",
        "RÉCHAUFFER"
      ],
      "etymology_roots": [
        "calor"
      ]
    },
    "FROID": {
      "id": "tlfi_froid",
      "lemma": "FROID",
      "pos": "substantif masculin / adjectif",
      "domains": [
        "PHYS.",
        "FIG."
      ],
      "definitions": [
        "Température basse.",
        "Qui est à basse température."
      ],
      "examples": [
        "Le froid de l'hiver.",
        "Un accueil froid."
      ],
      "derivatives": [
        "FROIDEUR",
        "REFROIDIR",
        "FROIDURE"
      ],
      "etymology_roots": [
        "frigidus"
      ]
    },
    "GLACE": {
      "id": "tlfi_glace",
      "lemma": "GLACE",
      "pos": "substantif féminin",
      "domains": [
        "PHYS."
      ],
      "definitions": [
        "Eau congelée.",
        "Miroir."
      ],
      "examples": [
        "Les glaces du pôle Nord.",
        "Se regarder dans la glace."
      ],
      "derivatives": [
        "GLACER",
        "GLACIAL",
        "GLACIATION"
      ],
      "etymology_roots": [
        "glacies"
      ]
    },
    "EAU": {
      "id": "tlfi_eau",
      "lemma": "EAU",
      "pos": "substantif féminin",
      "domains": [
        "CHIM.",
        "PHYS."
      ],
      "definitions": [
        "Liquide incolore, inodore, composé d'hydrogène et d'oxygène."
      ],
      "examples": [
        "Un verre d'eau.",
        "L'eau de la rivière."
      ],
      "derivatives": [
        "AQUEUX",
        "AQUATIQUE"
      ],
      "etymology_roots": [
        "aqua"
      ]
    },
    "FRAÎCHEUR": {
      "id": "tlfi_fraicheur",
      "lemma": "FRAÎCHEUR",
      "pos": "substantif féminin",
      "domains": [],
      "definitions": [
        "Qualité de ce qui est frais.",
        "Température modérément froide."
      ],
      "examples": [
        "La fraîcheur du matin.",
        "La fraîcheur d'un teint."
      ],
      "derivatives": [
        "FRAIS",
        "RAFRAÎCHIR"
      ],
      "etymology_roots": []
    },
    "NATURE": {
      "id": "tlfi_nature",
      "lemma": "NATURE",
      "pos": "substantif féminin",
      "domains": [
        "PHILOS.",
        "ÉCOL."
      ],
      "definitions": [
        "Ensemble du monde physique.",
        "Caractère essentiel d'un être."
      ],
      "examples": [
        "La beauté de la nature.",
        "C'est dans sa nature."
      ],
      "derivatives": [
        "NATUREL",
        "NATURALISTE",
        "DÉNATURER"
      ],
      "etymology_roots": [
        "natura"
      ]
    },
    "VIE": {
      "id": "tlfi_vie",
      "lemma": "VIE",
      "pos": "substantif féminin",
      "domains": [
        "BIOL.",
        "PHILOS."
      ],
      "definitions": [
        "État des organismes animés.",
        "Existence d'un être humain."
      ],
      "examples": [
        "La vie sur Terre.",
        "Mener une vie heureuse."
      ],
      "derivatives": [
        "VITAL",
        "VIVANT",
        "VIVRE"
      ],
      "etymology_roots": [
        "vita"
      ]
    },
    "MORT": {
      "id": "tlfi_mort",
      "lemma": "MORT",
      "pos": "substantif féminin",
      "domains": [
        "BIOL.",
        "PHILOS."
      ],
      "definitions": [
        "Cessation définitive de la vie.",
        "État d'un être qui a cessé de vivre."
      ],
      "examples": [
        "La mort est inévitable.",
        "Être condamné à mort."
      ],
      "derivatives": [
        "MORTEL",
        "MORTALITÉ",
        "MOURIR"
      ],
      "etymology_roots": [
        "mors"
      ]
    },
    "TEMPS": {
      "id": "tlfi_temps",
      "lemma": "TEMPS",
      "pos": "substantif masculin",
      "domains": [
        "PHILOS.",
        "PHYS.",
        "MÉTÉO."
      ],
      "definitions": [
        "Durée dans laquelle se succèdent les événements.",
        "État de l'atmosphère."
      ],
      "examples": [
        "Le temps passe vite.",
        "Quel temps fait-il ?"
      ],
      "derivatives": [
        "TEMPOREL",
        "TEMPORAIRE",
        "CONTEMPORAIN"
      ],
      "etymology_roots": [
        "tempus"
      ]
    },
    "ESPACE": {
      "id": "tlfi_espace",
      "lemma": "ESPACE",
      "pos": "substantif masculin",
      "domains": [
        "PHYS.",
        "GÉOM."
      ],
      "definitions": [
        "Étendue indéfinie.",
        "Lieu où se situent les corps."
      ],
      "examples": [
        "L'exploration de l'espace.",
        "Manquer d'espace."
      ],
      "derivatives": [
        "SPATIAL",
        "ESPACER",
        "ESPACEMENT"
      ],
      "etymology_roots": [
        "spatium"
      ]
    },
    "RACINE": {
      "id": "tlfi_racine",
      "lemma": "RACINE",
      "pos": "substantif féminin",
      "domains": [
        "BOT.",
        "LING.",
        "MATH."
      ],
      "definitions": [
        "Partie souterraine d'un végétal.",
        "Élément irréductible d'un mot."
      ],
      "examples": [
        "Les racines de l'arbre.",
        "La racine carrée de 4 est 2."
      ],
      "derivatives": [
        "RACINAIRE",
        "ENRACINER",
        "DÉRACINER"
      ],
      "etymology_roots": [
        "radix"
      ]
    },
    "TERRE": {
      "id": "tlfi_terre",
      "lemma": "TERRE",
      "pos": "substantif féminin",
      "domains": [
        "GÉOGR.",
        "AGRIC."
      ],
      "definitions": [
        "Sol sur lequel on marche.",
        "Planète du système solaire."
      ],
      "examples": [
        "Cultiver la terre.",
        "La Terre tourne autour du Soleil."
      ],
      "derivatives": [
        "TERRESTRE",
        "TERRAIN",
        "ENTERRER"
      ],
      "etymology_roots": [
        "terra"
      ]
    }
  }
}