{
  "metadata": {
    "source": "TLFi (échantillon de démonstration)",
    "entries_count": 19,
    "format_version": "2.0",
    "structure": "hierarchical"
  },
  "entries": {
    "LIMER": {
      "id": "tlfi_limer",
      "lemma": "LIMER",
      "pos": "verbe transitif",
      "senses": [
        {
          "number": "A. —",
          "definition": "Polir, entamer avec une lime.",
          "examples": [
            {
              "text": "Limer les dents d'une scie pour l'affûter.",
              "type": "syntagme"
            }
          ],
          "subsenses": [
            {
              "definition": "",
              "examples": [
                {
                  "text": "Cisaillez les bords très doucement pour qu'ils ne se brisent pas, puis vous limez avec une lime à ongles pour adoucir les angles",
                  "author": "Rousset",
                  "title": "Trav. pts matér.",
                  "date": "1928"
                },
                {
                  "text": "elle fit passer une lime. Un des barreaux de fer de la petite fenêtre de la prison fut silencieusement limé et remis à sa place.",
                  "author": "Lamart.",
                  "title": "Confid.",
                  "date": "1849"
                }
              ]
            }
          ]
        },
        {
          "number": "B. —",
          "usage": "Fig.",
          "definition": "Travailler avec soin, perfectionner minutieusement.",
          "examples": [
            {
              "text": "Limer ses vers, son style.",
              "type": "syntagme"
            }
          ]
        }
      ],
      "derivatives": [
        {
          "lemma": "LIMEUR",
          "pos": "substantif masculin"
        },
        {
          "lemma": "LIMAILLE",
          "pos": "substantif féminin",
          "definition": "Parcelles de métal détachées par la lime."
        }
      ],
      "etymology_roots": [
        "limare"
      ]
    },
    "LIGNIFIER": {
      "id": "tlfi_lignifier",
      "lemma": "LIGNIFIER",
      "pos": "verbe pronominal",
      "senses": [
        {
          "domain": "BOT.",
          "definition": "Se transformer en bois.",
          "examples": [
            {
              "text": "Les rejets à peine nés fléchissent : tissu herbacé encore, fragile, inconsistant au possible. Et lorsqu'ils se lignifient, mettent des feuilles, celles-ci sortent chétives, décolorées",
              "author": "Pesquidoux",
              "title": "Livre raison",
              "date": "1925"
            }
          ]
        }
      ],
      "derivatives": [
        {
          "lemma": "LIGNIFIÉ",
          "pos": "participe passé et adjectif",
          "definition": "Qui a pris les caractères, l'aspect du bois."
        },
        {
          "lemma": "LIGNIFICATION",
          "pos": "substantif féminin",
          "definition": "Processus par lequel les membranes de certaines cellules végétales se transforment en bois."
        }
      ],
      "etymology": "Composé de ligni-, élément tiré du lat. lignum « bois », et de l'élément formant verbal -fier.",
      "etymology_roots": [
        "lignum"
      ],
      "pronunciation": "liɲifje"
    },
    "GLACE": {
      "id": "tlfi_glace",
      "lemma": "GLACE",
      "pos": "substantif féminin",
      "senses": [
        {
          "number": "I.",
          "definition": "Eau congelée, solidifiée par le froid.",
          "examples": [
            {
              "text": "Les glaces du pôle Nord.",
              "type": "syntagme"
            }
          ],
          "subsenses": [
            {
              "number": "1.",
              "definition": "Eau à l'état solide dans la nature.",
              "examples": [
                {
                  "text": "La banquise est formée de glace de mer."
                }
              ]
            },
            {
              "number": "2.",
              "definition": "Glaçon, morceau de glace.",
              "examples": [
                {
                  "text": "Mettre des glaces dans un verre."
                }
              ]
            }
          ]
        },
        {
          "number": "II.",
          "definition": "Plaque de verre ou de cristal.",
          "subsenses": [
            {
              "number": "1.",
              "definition": "Miroir.",
              "examples": [
                {
                  "text": "Se regarder dans la glace."
                }
              ]
            },
            {
              "number": "2.",
              "definition": "Vitre d'une voiture.",
              "examples": [
                {
                  "text": "Baisser la glace de la portière."
                }
              ]
            }
          ]
        },
        {
          "number": "III.",
          "definition": "Préparation glacée, crème glacée.",
          "examples": [
            {
              "text": "Une glace à la vanille."
            }
          ]
        }
      ],
      "derivatives": [
        {
          "lemma": "GLACER",
          "pos": "verbe"
        },
        {
          "lemma": "GLACIAL",
          "pos": "adjectif"
        },
        {
          "lemma": "GLACIATION",
          "pos": "substantif féminin"
        }
      ],
      "etymology_roots": [
        "glacies"
      ]
    },
    "BOIS": {
      "id": "tlfi_bois",
      "lemma": "BOIS",
      "pos": "substantif",
      "senses": [
        {
          "definition": "Substance dure et compacte des arbres."
        }
      ]
    },
    "FORÊT": {
      "id": "tlfi_forêt",
      "lemma": "FORÊT",
      "pos": "substantif",
      "senses": [
        {
          "definition": "Vaste étendue de terrain couverte d'arbres."
        }
      ]
    },
    "ARBRE": {
      "id": "tlfi_arbre",
      "lemma": "ARBRE",
      "pos": "substantif",
      "senses": [
        {
          "definition": "Végétal ligneux de grande taille."
        }
      ]
    },
    "FEUILLE": {
      "id": "tlfi_feuille",
      "lemma": "FEUILLE",
      "pos": "substantif",
      "senses": [
        {
          "definition": "Organe végétal, généralement vert et plat."
        }
      ]
    },
    "OMBRE": {
      "id": "tlfi_ombre",
      "lemma": "OMBRE",
      "pos": "substantif",
      "senses": [
        {
          "definition": "Zone sombre créée par un corps opaque."
        }
      ]
    },
    "LUMIÈRE": {
      "id": "tlfi_lumière",
      "lemma": "LUMIÈRE",
      "pos": "substantif",
      "senses": [
        {
          "definition": "Rayonnement électromagnétique visible."
        }
      ]
    },
    "SOLEIL": {
      "id": "tlfi_soleil",
      "lemma": "SOLEIL",
      "pos": "substantif",
      "senses": [
        {
          "definition": "Astre autour duquel gravite la Terre."
        }
      ]
    },
    "CHALEUR": {
      "id": "tlfi_chaleur",
      "lemma": "CHALEUR",
      "pos": "substantif",
      "senses": [
        {
          "definition": "Qualité de ce qui est chaud."
        }
      ]
    },
    "FROID": {
      "id": "tlfi_froid",
      "lemma": "FROID",
      "pos": "substantif",
      "senses": [
        {
          "definition": "Température basse."
        }
      ]
    },
    "EAU": {
      "id": "tlfi_eau",
      "lemma": "EAU",
      "pos": "substantif",
      "senses": [
        {
          "definition": "Liquide composé d'hydrogène et d'oxygène."
        }
      ]
    },
    "FRAÎCHEUR": {
      "id": "tlfi_fraîcheur",
      "lemma": "FRAÎCHEUR",
      "pos": "substantif",
      "senses": [
        {
          "definition": "Qualité de ce qui est frais."
        }
      ]
    },
    "NATURE": {
      "id": "tlfi_nature",
      "lemma": "NATURE",
      "pos": "substantif",
      "senses": [
        {
          "definition": "Ensemble du monde physique."
        }
      ]
    },
    "RACINE": {
      "id": "tlfi_racine",
      "lemma": "RACINE",
      "pos": "substantif",
      "senses": [
        {
          "definition": "Partie souterraine d'un végétal."
        }
      ]
    },
    "TERRE": {
      "id": "tlfi_terre",
      "lemma": "TERRE",
      "pos": "substantif",
      "senses": [
        {
          "definition": "Sol sur lequel on marche."
        }
      ]
    },
    "HIVER": {
      "id": "tlfi_hiver",
      "lemma": "HIVER",
      "pos": "substantif",
      "senses": [
        {
          "definition": "Saison la plus froide de l'année."
        }
      ]
    },
    "NEIGE": {
      "id": "tlfi_neige",
      "lemma": "NEIGE",
      "pos": "substantif",
      "senses": [
        {
          "definition": "Eau congelée qui tombe en flocons."
        }
      ]
    }
  }
}